DATAFLOW,LAST UPDATE,freq,unit,coicop,geo,TIME_PERIOD,OBS_VALUE,OBS_FLAG
ESTAT:PRC_HICP_AIND$DEFAULTVIEW(1.0),17/03/23 11:00:00,A,INX_A_AVG,CP00,AL,2016,101.51,d
ESTAT:PRC_HICP_AIND$DEFAULTVIEW(1.0),17/03/23 11:00:00,A,INX_A_AVG,CP00,AL,2017,104.76,d
ESTAT:PRC_HICP_AIND$DEFAULTVIEW(1.0),17/03/23 11:00:00,A,INX_A_AVG,CP00,AL,2018,106.59,d
ESTAT:PRC_HICP_AIND$DEFAULTVIEW(1.0),17/03/23 11:00:00,A,INX_A_AVG,CP00,AL,2019,108.39,d
ESTAT:PRC_HICP_AIND$DEFAULTVIEW(1.0),17/03/23 11:00:00,A,INX_A_AVG,CP00,AL,2020,110.74,d
ESTAT:PRC_HICP_AIND$DEFAULTVIEW(1.0),17/03/23 11:00:00,A,INX_A_AVG,CP00,AL,2021,113.26,d
ESTAT:PRC_HICP_AIND$DEFAULTVIEW(1.0),17/03/23 11:00:00,A,INX_A_AVG,CP00,AL,2022,120.69,d
ESTAT:PRC_HICP_AIND$DEFAULTVIEW(1.0),17/03/23 11:00:00,A,INX_A_AVG,CP00,AT,2013,97.77,
ESTAT:PRC_HICP_AIND$DEFAULTVIEW(1.0),17/03/23 11:00:00,A,INX_A_AVG,CP00,AT,2014,99.20,
ESTAT:PRC_HICP_AIND$DEFAULTVIEW(1.0),17/03/23 11:00:00,A,INX_A_AVG,CP00,AT,2015,100.00,
ESTAT:PRC_HICP_AIND$DEFAULTVIEW(1.0),17/03/23 11:00:00,A,INX_A_AVG,CP00,AT,2016,100.97,
ESTAT:PRC_HICP_AIND$DEFAULTVIEW(1.0),17/03/23 11:00:00,A,INX_A_AVG,CP00,AT,2017,103.22,
ESTAT:PRC_HICP_AIND$DEFAULTVIEW(1.0),17/03/23 11:00:00,A,INX_A_AVG,CP00,AT,2018,105.41,
ESTAT:PRC_HICP_AIND$DEFAULTVIEW(1.0),17/03/23 11:00:00,A,INX_A_AVG,CP00,AT,2019,106.98,
ESTAT:PRC_HICP_AIND$DEFAULTVIEW(1.0),17/03/23 11:00:00,A,INX_A_AVG,CP00,AT,2020,108.47,
ESTAT:PRC_HICP_AIND$DEFAULTVIEW(1.0),17/03/23 11:00:00,A,INX_A_AVG,CP00,AT,2021,111.46,
ESTAT:PRC_HICP_AIND$DEFAULTVIEW(1.0),17/03/23 11:00:00,A,INX_A_AVG,CP00,AT,2022,121.07,
ESTAT:PRC_HICP_AIND$DEFAULTVIEW(1.0),17/03/23 11:00:00,A,INX_A_AVG,CP00,BE,2013,98.90,
ESTAT:PRC_HICP_AIND$DEFAULTVIEW(1.0),17/03/23 11:00:00,A,INX_A_AVG,CP00,BE,2014,99.38,
ESTAT:PRC_HICP_AIND$DEFAULTVIEW(1.0),17/03/23 11:00:00,A,INX_A_AVG,CP00,BE,2015,100.00,
ESTAT:PRC_HICP_AIND$DEFAULTVIEW(1.0),17/03/23 11:00:00,A,INX_A_AVG,CP00,BE,2016,101.77,
ESTAT:PRC_HICP_AIND$DEFAULTVIEW(1.0),17/03/23 11:00:00,A,INX_A_AVG,CP00,BE,2017,104.03,
ESTAT:PRC_HICP_AIND$DEFAULTVIEW(1.0),17/03/23 11:00:00,A,INX_A_AVG,CP00,BE,2018,106.44,
ESTAT:PRC_HICP_AIND$DEFAULTVIEW(1.0),17/03/23 11:00:00,A,INX_A_AVG,CP00,BE,2019,107.77,
ESTAT:PRC_HICP_AIND$DEFAULTVIEW(1.0),17/03/23 11:00:00,A,INX_A_AVG,CP00,BE,2020,108.23,
ESTAT:PRC_HICP_AIND$DEFAULTVIEW(1.0),17/03/23 11:00:00,A,INX_A_AVG,CP00,BE,2021,111.71,
ESTAT:PRC_HICP_AIND$DEFAULTVIEW(1.0),17/03/23 11:00:00,A,INX_A_AVG,CP00,BE,2022,123.26,
ESTAT:PRC_HICP_AIND$DEFAULTVIEW(1.0),17/03/23 11:00:00,A,INX_A_AVG,CP00,BG,2013,102.72,
ESTAT:PRC_HICP_AIND$DEFAULTVIEW(1.0),17/03/23 11:00:00,A,INX_A_AVG,CP00,BG,2014,101.08,
ESTAT:PRC_HICP_AIND$DEFAULTVIEW(1.0),17/03/23 11:00:00,A,INX_A_AVG,CP00,BG,2015,100.00,
ESTAT:PRC_HICP_AIND$DEFAULTVIEW(1.0),17/03/23 11:00:00,A,INX_A_AVG,CP00,BG,2016,98.68,
ESTAT:PRC_HICP_AIND$DEFAULTVIEW(1.0),17/03/23 11:00:00,A,INX_A_AVG,CP00,BG,2017,99.85,
ESTAT:PRC_HICP_AIND$DEFAULTVIEW(1.0),17/03/23 11:00:00,A,INX_A_AVG,CP00,BG,2018,102.48,
ESTAT:PRC_HICP_AIND$DEFAULTVIEW(1.0),17/03/23 11:00:00,A,INX_A_AVG,CP00,BG,2019,104.99,
ESTAT:PRC_HICP_AIND$DEFAULTVIEW(1.0),17/03/23 11:00:00,A,INX_A_AVG,CP00,BG,2020,106.27,
ESTAT:PRC_HICP_AIND$DEFAULTVIEW(1.0),17/03/23 11:00:00,A,INX_A_AVG,CP00,BG,2021,109.30,
ESTAT:PRC_HICP_AIND$DEFAULTVIEW(1.0),17/03/23 11:00:00,A,INX_A_AVG,CP00,BG,2022,123.52,
ESTAT:PRC_HICP_AIND$DEFAULTVIEW(1.0),17/03/23 11:00:00,A,INX_A_AVG,CP00,CH,2013,100.83,
ESTAT:PRC_HICP_AIND$DEFAULTVIEW(1.0),17/03/23 11:00:00,A,INX_A_AVG,CP00,CH,2014,100.84,
ESTAT:PRC_HICP_AIND$DEFAULTVIEW(1.0),17/03/23 11:00:00,A,INX_A_AVG,CP00,CH,2015,100.00,
ESTAT:PRC_HICP_AIND$DEFAULTVIEW(1.0),17/03/23 11:00:00,A,INX_A_AVG,CP00,CH,2016,99.47,
ESTAT:PRC_HICP_AIND$DEFAULTVIEW(1.0),17/03/23 11:00:00,A,INX_A_AVG,CP00,CH,2017,100.11,
ESTAT:PRC_HICP_AIND$DEFAULTVIEW(1.0),17/03/23 11:00:00,A,INX_A_AVG,CP00,CH,2018,101.03,
ESTAT:PRC_HICP_AIND$DEFAULTVIEW(1.0),17/03/23 11:00:00,A,INX_A_AVG,CP00,CH,2019,101.41,
ESTAT:PRC_HICP_AIND$DEFAULTVIEW(1.0),17/03/23 11:00:00,A,INX_A_AVG,CP00,CH,2020,100.56,
ESTAT:PRC_HICP_AIND$DEFAULTVIEW(1.0),17/03/23 11:00:00,A,INX_A_AVG,CP00,CH,2021,101.04,
ESTAT:PRC_HICP_AIND$DEFAULTVIEW(1.0),17/03/23 11:00:00,A,INX_A_AVG,CP00,CH,2022,103.74,
ESTAT:PRC_HICP_AIND$DEFAULTVIEW(1.0),17/03/23 11:00:00,A,INX_A_AVG,CP00,CY,2013,101.84,
ESTAT:PRC_HICP_AIND$DEFAULTVIEW(1.0),17/03/23 11:00:00,A,INX_A_AVG,CP00,CY,2014,101.57,
ESTAT:PRC_HICP_AIND$DEFAULTVIEW(1.0),17/03/23 11:00:00,A,INX_A_AVG,CP00,CY,2015,100.00,
ESTAT:PRC_HICP_AIND$DEFAULTVIEW(1.0),17/03/23 11:00:00,A,INX_A_AVG,CP00,CY,2016,98.78,
ESTAT:PRC_HICP_AIND$DEFAULTVIEW(1.0),17/03/23 11:00:00,A,INX_A_AVG,CP00,CY,2017,99.45,
ESTAT:PRC_HICP_AIND$DEFAULTVIEW(1.0),17/03/23 11:00:00,A,INX_A_AVG,CP00,CY,2018,100.23,
ESTAT:PRC_HICP_AIND$DEFAULTVIEW(1.0),17/03/23 11:00:00,A,INX_A_AVG,CP00,CY,2019,100.78,
ESTAT:PRC_HICP_AIND$DEFAULTVIEW(1.0),17/03/23 11:00:00,A,INX_A_AVG,CP00,CY,2020,99.67,
ESTAT:PRC_HICP_AIND$DEFAULTVIEW(1.0),17/03/23 11:00:00,A,INX_A_AVG,CP00,CY,2021,101.92,
ESTAT:PRC_HICP_AIND$DEFAULTVIEW(1.0),17/03/23 11:00:00,A,INX_A_AVG,CP00,CY,2022,110.17,
ESTAT:PRC_HICP_AIND$DEFAULTVIEW(1.0),17/03/23 11:00:00,A,INX_A_AVG,CP00,CZ,2013,99.3,
ESTAT:PRC_HICP_AIND$DEFAULTVIEW(1.0),17/03/23 11:00:00,A,INX_A_AVG,CP00,CZ,2014,99.8,
ESTAT:PRC_HICP_AIND$DEFAULTVIEW(1.0),17/03/23 11:00:00,A,INX_A_AVG,CP00,CZ,2015,100.0,
ESTAT:PRC_HICP_AIND$DEFAULTVIEW(1.0),17/03/23 11:00:00,A,INX_A_AVG,CP00,CZ,2016,100.7,
ESTAT:PRC_HICP_AIND$DEFAULTVIEW(1.0),17/03/23 11:00:00,A,INX_A_AVG,CP00,CZ,2017,103.1,
ESTAT:PRC_HICP_AIND$DEFAULTVIEW(1.0),17/03/23 11:00:00,A,INX_A_AVG,CP00,CZ,2018,105.1,
ESTAT:PRC_HICP_AIND$DEFAULTVIEW(1.0),17/03/23 11:00:00,A,INX_A_AVG,CP00,CZ,2019,107.8,
ESTAT:PRC_HICP_AIND$DEFAULTVIEW(1.0),17/03/23 11:00:00,A,INX_A_AVG,CP00,CZ,2020,111.4,
ESTAT:PRC_HICP_AIND$DEFAULTVIEW(1.0),17/03/23 11:00:00,A,INX_A_AVG,CP00,CZ,2021,115.1,
ESTAT:PRC_HICP_AIND$DEFAULTVIEW(1.0),17/03/23 11:00:00,A,INX_A_AVG,CP00,CZ,2022,132.1,
ESTAT:PRC_HICP_AIND$DEFAULTVIEW(1.0),17/03/23 11:00:00,A,INX_A_AVG,CP00,DE,2013,98.6,
ESTAT:PRC_HICP_AIND$DEFAULTVIEW(1.0),17/03/23 11:00:00,A,INX_A_AVG,CP00,DE,2014,99.3,
ESTAT:PRC_HICP_AIND$DEFAULTVIEW(1.0),17/03/23 11:00:00,A,INX_A_AVG,CP00,DE,2015,100.0,
ESTAT:PRC_HICP_AIND$DEFAULTVIEW(1.0),17/03/23 11:00:00,A,INX_A_AVG,CP00,DE,2016,100.4,
ESTAT:PRC_HICP_AIND$DEFAULTVIEW(1.0),17/03/23 11:00:00,A,INX_A_AVG,CP00,DE,2017,102.1,
ESTAT:PRC_HICP_AIND$DEFAULTVIEW(1.0),17/03/23 11:00:00,A,INX_A_AVG,CP00,DE,2018,104.0,
ESTAT:PRC_HICP_AIND$DEFAULTVIEW(1.0),17/03/23 11:00:00,A,INX_A_AVG,CP00,DE,2019,105.5,
ESTAT:PRC_HICP_AIND$DEFAULTVIEW(1.0),17/03/23 11:00:00,A,INX_A_AVG,CP00,DE,2020,105.8,
ESTAT:PRC_HICP_AIND$DEFAULTVIEW(1.0),17/03/23 11:00:00,A,INX_A_AVG,CP00,DE,2021,109.2,
ESTAT:PRC_HICP_AIND$DEFAULTVIEW(1.0),17/03/23 11:00:00,A,INX_A_AVG,CP00,DE,2022,118.7,
ESTAT:PRC_HICP_AIND$DEFAULTVIEW(1.0),17/03/23 11:00:00,A,INX_A_AVG,CP00,DK,2013,99.4,
ESTAT:PRC_HICP_AIND$DEFAULTVIEW(1.0),17/03/23 11:00:00,A,INX_A_AVG,CP00,DK,2014,99.8,
ESTAT:PRC_HICP_AIND$DEFAULTVIEW(1.0),17/03/23 11:00:00,A,INX_A_AVG,CP00,DK,2015,100.0,
ESTAT:PRC_HICP_AIND$DEFAULTVIEW(1.0),17/03/23 11:00:00,A,INX_A_AVG,CP00,DK,2016,100.0,
ESTAT:PRC_HICP_AIND$DEFAULTVIEW(1.0),17/03/23 11:00:00,A,INX_A_AVG,CP00,DK,2017,101.1,
ESTAT:PRC_HICP_AIND$DEFAULTVIEW(1.0),17/03/23 11:00:00,A,INX_A_AVG,CP00,DK,2018,101.8,
ESTAT:PRC_HICP_AIND$DEFAULTVIEW(1.0),17/03/23 11:00:00,A,INX_A_AVG,CP00,DK,2019,102.5,
ESTAT:PRC_HICP_AIND$DEFAULTVIEW(1.0),17/03/23 11:00:00,A,INX_A_AVG,CP00,DK,2020,102.9,
ESTAT:PRC_HICP_AIND$DEFAULTVIEW(1.0),17/03/23 11:00:00,A,INX_A_AVG,CP00,DK,2021,104.9,
ESTAT:PRC_HICP_AIND$DEFAULTVIEW(1.0),17/03/23 11:00:00,A,INX_A_AVG,CP00,DK,2022,113.8,
ESTAT:PRC_HICP_AIND$DEFAULTVIEW(1.0),17/03/23 11:00:00,A,INX_A_AVG,CP00,EA,2013,99.38,
ESTAT:PRC_HICP_AIND$DEFAULTVIEW(1.0),17/03/23 11:00:00,A,INX_A_AVG,CP00,EA,2014,99.81,
ESTAT:PRC_HICP_AIND$DEFAULTVIEW(1.0),17/03/23 11:00:00,A,INX_A_AVG,CP00,EA,2015,100.00,
ESTAT:PRC_HICP_AIND$DEFAULTVIEW(1.0),17/03/23 11:00:00,A,INX_A_AVG,CP00,EA,2016,100.23,
ESTAT:PRC_HICP_AIND$DEFAULTVIEW(1.0),17/03/23 11:00:00,A,INX_A_AVG,CP00,EA,2017,101.78,
ESTAT:PRC_HICP_AIND$DEFAULTVIEW(1.0),17/03/23 11:00:00,A,INX_A_AVG,CP00,EA,2018,103.56,
ESTAT:PRC_HICP_AIND$DEFAULTVIEW(1.0),17/03/23 11:00:00,A,INX_A_AVG,CP00,EA,2019,104.80,
ESTAT:PRC_HICP_AIND$DEFAULTVIEW(1.0),17/03/23 11:00:00,A,INX_A_AVG,CP00,EA,2020,105.06,
ESTAT:PRC_HICP_AIND$DEFAULTVIEW(1.0),17/03/23 11:00:00,A,INX_A_AVG,CP00,EA,2021,107.78,
ESTAT:PRC_HICP_AIND$DEFAULTVIEW(1.0),17/03/23 11:00:00,A,INX_A_AVG,CP00,EA,2022,116.82,
ESTAT:PRC_HICP_AIND$DEFAULTVIEW(1.0),17/03/23 11:00:00,A,INX_A_AVG,CP00,EA19,2013,99.38,
ESTAT:PRC_HICP_AIND$DEFAULTVIEW(1.0),17/03/23 11:00:00,A,INX_A_AVG,CP00,EA19,2014,99.81,
ESTAT:PRC_HICP_AIND$DEFAULTVIEW(1.0),17/03/23 11:00:00,A,INX_A_AVG,CP00,EA19,2015,100.00,
ESTAT:PRC_HICP_AIND$DEFAULTVIEW(1.0),17/03/23 11:00:00,A,INX_A_AVG,CP00,EA19,2016,100.23,
ESTAT:PRC_HICP_AIND$DEFAULTVIEW(1.0),17/03/23 11:00:00,A,INX_A_AVG,CP00,EA19,2017,101.78,
ESTAT:PRC_HICP_AIND$DEFAULTVIEW(1.0),17/03/23 11:00:00,A,INX_A_AVG,CP00,EA19,2018,103.56,
ESTAT:PRC_HICP_AIND$DEFAULTVIEW(1.0),17/03/23 11:00:00,A,INX_A_AVG,CP00,EA19,2019,104.80,
ESTAT:PRC_HICP_AIND$DEFAULTVIEW(1.0),17/03/23 11:00:00,A,INX_A_AVG,CP00,EA19,2020,105.06,
ESTAT:PRC_HICP_AIND$DEFAULTVIEW(1.0),17/03/23 11:00:00,A,INX_A_AVG,CP00,EA19,2021,107.78,
ESTAT:PRC_HICP_AIND$DEFAULTVIEW(1.0),17/03/23 11:00:00,A,INX_A_AVG,CP00,EA19,2022,116.82,
ESTAT:PRC_HICP_AIND$DEFAULTVIEW(1.0),17/03/23 11:00:00,A,INX_A_AVG,CP00,EA20,2013,99.39,
ESTAT:PRC_HICP_AIND$DEFAULTVIEW(1.0),17/03/23 11:00:00,A,INX_A_AVG,CP00,EA20,2014,99.81,
ESTAT:PRC_HICP_AIND$DEFAULTVIEW(1.0),17/03/23 11:00:00,A,INX_A_AVG,CP00,EA20,2015,100.00,
ESTAT:PRC_HICP_AIND$DEFAULTVIEW(1.0),17/03/23 11:00:00,A,INX_A_AVG,CP00,EA20,2016,100.23,
ESTAT:PRC_HICP_AIND$DEFAULTVIEW(1.0),17/03/23 11:00:00,A,INX_A_AVG,CP00,EA20,2017,101.77,
ESTAT:PRC_HICP_AIND$DEFAULTVIEW(1.0),17/03/23 11:00:00,A,INX_A_AVG,CP00,EA20,2018,103.55,
ESTAT:PRC_HICP_AIND$DEFAULTVIEW(1.0),17/03/23 11:00:00,A,INX_A_AVG,CP00,EA20,2019,104.79,
ESTAT:PRC_HICP_AIND$DEFAULTVIEW(1.0),17/03/23 11:00:00,A,INX_A_AVG,CP00,EA20,2020,105.05,
ESTAT:PRC_HICP_AIND$DEFAULTVIEW(1.0),17/03/23 11:00:00,A,INX_A_AVG,CP00,EA20,2021,107.77,
ESTAT:PRC_HICP_AIND$DEFAULTVIEW(1.0),17/03/23 11:00:00,A,INX_A_AVG,CP00,EA20,2022,116.83,
ESTAT:PRC_HICP_AIND$DEFAULTVIEW(1.0),17/03/23 11:00:00,A,INX_A_AVG,CP00,EE,2013,99.46,
ESTAT:PRC_HICP_AIND$DEFAULTVIEW(1.0),17/03/23 11:00:00,A,INX_A_AVG,CP00,EE,2014,99.93,
ESTAT:PRC_HICP_AIND$DEFAULTVIEW(1.0),17/03/23 11:00:00,A,INX_A_AVG,CP00,EE,2015,100.00,
ESTAT:PRC_HICP_AIND$DEFAULTVIEW(1.0),17/03/23 11:00:00,A,INX_A_AVG,CP00,EE,2016,100.80,
ESTAT:PRC_HICP_AIND$DEFAULTVIEW(1.0),17/03/23 11:00:00,A,INX_A_AVG,CP00,EE,2017,104.48,
ESTAT:PRC_HICP_AIND$DEFAULTVIEW(1.0),17/03/23 11:00:00,A,INX_A_AVG,CP00,EE,2018,108.05,
ESTAT:PRC_HICP_AIND$DEFAULTVIEW(1.0),17/03/23 11:00:00,A,INX_A_AVG,CP00,EE,2019,110.50,
ESTAT:PRC_HICP_AIND$DEFAULTVIEW(1.0),17/03/23 11:00:00,A,INX_A_AVG,CP00,EE,2020,109.80,
ESTAT:PRC_HICP_AIND$DEFAULTVIEW(1.0),17/03/23 11:00:00,A,INX_A_AVG,CP00,EE,2021,114.72,
ESTAT:PRC_HICP_AIND$DEFAULTVIEW(1.0),17/03/23 11:00:00,A,INX_A_AVG,CP00,EE,2022,137.03,
ESTAT:PRC_HICP_AIND$DEFAULTVIEW(1.0),17/03/23 11:00:00,A,INX_A_AVG,CP00,EEA,2013,99.31,
ESTAT:PRC_HICP_AIND$DEFAULTVIEW(1.0),17/03/23 11:00:00,A,INX_A_AVG,CP00,EEA,2014,99.88,
ESTAT:PRC_HICP_AIND$DEFAULTVIEW(1.0),17/03/23 11:00:00,A,INX_A_AVG,CP00,EEA,2015,100.00,
ESTAT:PRC_HICP_AIND$DEFAULTVIEW(1.0),17/03/23 11:00:00,A,INX_A_AVG,CP00,EEA,2016,100.29,
ESTAT:PRC_HICP_AIND$DEFAULTVIEW(1.0),17/03/23 11:00:00,A,INX_A_AVG,CP00,EEA,2017,102.01,
ESTAT:PRC_HICP_AIND$DEFAULTVIEW(1.0),17/03/23 11:00:00,A,INX_A_AVG,CP00,EEA,2018,103.95,
ESTAT:PRC_HICP_AIND$DEFAULTVIEW(1.0),17/03/23 11:00:00,A,INX_A_AVG,CP00,EEA,2019,105.49,
ESTAT:PRC_HICP_AIND$DEFAULTVIEW(1.0),17/03/23 11:00:00,A,INX_A_AVG,CP00,EEA,2020,106.28,
ESTAT:PRC_HICP_AIND$DEFAULTVIEW(1.0),17/03/23 11:00:00,A,INX_A_AVG,CP00,EEA,2021,109.37,
ESTAT:PRC_HICP_AIND$DEFAULTVIEW(1.0),17/03/23 11:00:00,A,INX_A_AVG,CP00,EEA,2022,119.39,
ESTAT:PRC_HICP_AIND$DEFAULTVIEW(1.0),17/03/23 11:00:00,A,INX_A_AVG,CP00,EL,2013,102.54,
ESTAT:PRC_HICP_AIND$DEFAULTVIEW(1.0),17/03/23 11:00:00,A,INX_A_AVG,CP00,EL,2014,101.11,
ESTAT:PRC_HICP_AIND$DEFAULTVIEW(1.0),17/03/23 11:00:00,A,INX_A_AVG,CP00,EL,2015,100.00,
ESTAT:PRC_HICP_AIND$DEFAULTVIEW(1.0),17/03/23 11:00:00,A,INX_A_AVG,CP00,EL,2016,100.02,
ESTAT:PRC_HICP_AIND$DEFAULTVIEW(1.0),17/03/23 11:00:00,A,INX_A_AVG,CP00,EL,2017,101.15,
ESTAT:PRC_HICP_AIND$DEFAULTVIEW(1.0),17/03/23 11:00:00,A,INX_A_AVG,CP00,EL,2018,101.94,
ESTAT:PRC_HICP_AIND$DEFAULTVIEW(1.0),17/03/23 11:00:00,A,INX_A_AVG,CP00,EL,2019,102.46,
ESTAT:PRC_HICP_AIND$DEFAULTVIEW(1.0),17/03/23 11:00:00,A,INX_A_AVG,CP00,EL,2020,101.17,
ESTAT:PRC_HICP_AIND$DEFAULTVIEW(1.0),17/03/23 11:00:00,A,INX_A_AVG,CP00,EL,2021,101.75,
ESTAT:PRC_HICP_AIND$DEFAULTVIEW(1.0),17/03/23 11:00:00,A,INX_A_AVG,CP00,EL,2022,111.21,
ESTAT:PRC_HICP_AIND$DEFAULTVIEW(1.0),17/03/23 11:00:00,A,INX_A_AVG,CP00,ES,2013,100.83,
ESTAT:PRC_HICP_AIND$DEFAULTVIEW(1.0),17/03/23 11:00:00,A,INX_A_AVG,CP00,ES,2014,100.63,
ESTAT:PRC_HICP_AIND$DEFAULTVIEW(1.0),17/03/23 11:00:00,A,INX_A_AVG,CP00,ES,2015,100.00,
ESTAT:PRC_HICP_AIND$DEFAULTVIEW(1.0),17/03/23 11:00:00,A,INX_A_AVG,CP00,ES,2016,99.66,
ESTAT:PRC_HICP_AIND$DEFAULTVIEW(1.0),17/03/23 11:00:00,A,INX_A_AVG,CP00,ES,2017,101.69,
ESTAT:PRC_HICP_AIND$DEFAULTVIEW(1.0),17/03/23 11:00:00,A,INX_A_AVG,CP00,ES,2018,103.46,
ESTAT:PRC_HICP_AIND$DEFAULTVIEW(1.0),17/03/23 11:00:00,A,INX_A_AVG,CP00,ES,2019,104.26,
ESTAT:PRC_HICP_AIND$DEFAULTVIEW(1.0),17/03/23 11:00:00,A,INX_A_AVG,CP00,ES,2020,103.91,
ESTAT:PRC_HICP_AIND$DEFAULTVIEW(1.0),17/03/23 11:00:00,A,INX_A_AVG,CP00,ES,2021,107.04,
ESTAT:PRC_HICP_AIND$DEFAULTVIEW(1.0),17/03/23 11:00:00,A,INX_A_AVG,CP00,ES,2022,115.95,
ESTAT:PRC_HICP_AIND$DEFAULTVIEW(1.0),17/03/23 11:00:00,A,INX_A_AVG,CP00,EU,2013,99.35,
ESTAT:PRC_HICP_AIND$DEFAULTVIEW(1.0),17/03/23 11:00:00,A,INX_A_AVG,CP00,EU,2014,99.90,
ESTAT:PRC_HICP_AIND$DEFAULTVIEW(1.0),17/03/23 11:00:00,A,INX_A_AVG,CP00,EU,2015,100.00,
ESTAT:PRC_HICP_AIND$DEFAULTVIEW(1.0),17/03/23 11:00:00,A,INX_A_AVG,CP00,EU,2016,100.25,
ESTAT:PRC_HICP_AIND$DEFAULTVIEW(1.0),17/03/23 11:00:00,A,INX_A_AVG,CP00,EU,2017,101.96,
ESTAT:PRC_HICP_AIND$DEFAULTVIEW(1.0),17/03/23 11:00:00,A,INX_A_AVG,CP00,EU,2018,103.89,
ESTAT:PRC_HICP_AIND$DEFAULTVIEW(1.0),17/03/23 11:00:00,A,INX_A_AVG,CP00,EU,2019,105.42,
ESTAT:PRC_HICP_AIND$DEFAULTVIEW(1.0),17/03/23 11:00:00,A,INX_A_AVG,CP00,EU,2020,106.20,
ESTAT:PRC_HICP_AIND$DEFAULTVIEW(1.0),17/03/23 11:00:00,A,INX_A_AVG,CP00,EU,2021,109.28,
ESTAT:PRC_HICP_AIND$DEFAULTVIEW(1.0),17/03/23 11:00:00,A,INX_A_AVG,CP00,EU,2022,119.32,
ESTAT:PRC_HICP_AIND$DEFAULTVIEW(1.0),17/03/23 11:00:00,A,INX_A_AVG,CP00,EU27_2020,2013,99.49,
ESTAT:PRC_HICP_AIND$DEFAULTVIEW(1.0),17/03/23 11:00:00,A,INX_A_AVG,CP00,EU27_2020,2014,99.89,
ESTAT:PRC_HICP_AIND$DEFAULTVIEW(1.0),17/03/23 11:00:00,A,INX_A_AVG,CP00,EU27_2020,2015,100.00,
ESTAT:PRC_HICP_AIND$DEFAULTVIEW(1.0),17/03/23 11:00:00,A,INX_A_AVG,CP00,EU27_2020,2016,100.18,
ESTAT:PRC_HICP_AIND$DEFAULTVIEW(1.0),17/03/23 11:00:00,A,INX_A_AVG,CP00,EU27_2020,2017,101.74,
ESTAT:PRC_HICP_AIND$DEFAULTVIEW(1.0),17/03/23 11:00:00,A,INX_A_AVG,CP00,EU27_2020,2018,103.57,
ESTAT:PRC_HICP_AIND$DEFAULTVIEW(1.0),17/03/23 11:00:00,A,INX_A_AVG,CP00,EU27_2020,2019,105.04,
ESTAT:PRC_HICP_AIND$DEFAULTVIEW(1.0),17/03/23 11:00:00,A,INX_A_AVG,CP00,EU27_2020,2020,105.76,
ESTAT:PRC_HICP_AIND$DEFAULTVIEW(1.0),17/03/23 11:00:00,A,INX_A_AVG,CP00,EU27_2020,2021,108.82,
ESTAT:PRC_HICP_AIND$DEFAULTVIEW(1.0),17/03/23 11:00:00,A,INX_A_AVG,CP00,EU27_2020,2022,118.82,
ESTAT:PRC_HICP_AIND$DEFAULTVIEW(1.0),17/03/23 11:00:00,A,INX_A_AVG,CP00,EU28,2013,99.35,
ESTAT:PRC_HICP_AIND$DEFAULTVIEW(1.0),17/03/23 11:00:00,A,INX_A_AVG,CP00,EU28,2014,99.90,
ESTAT:PRC_HICP_AIND$DEFAULTVIEW(1.0),17/03/23 11:00:00,A,INX_A_AVG,CP00,EU28,2015,100.00,
ESTAT:PRC_HICP_AIND$DEFAULTVIEW(1.0),17/03/23 11:00:00,A,INX_A_AVG,CP00,EU28,2016,100.25,
ESTAT:PRC_HICP_AIND$DEFAULTVIEW(1.0),17/03/23 11:00:00,A,INX_A_AVG,CP00,EU28,2017,101.96,
ESTAT:PRC_HICP_AIND$DEFAULTVIEW(1.0),17/03/23 11:00:00,A,INX_A_AVG,CP00,EU28,2018,103.89,
ESTAT:PRC_HICP_AIND$DEFAULTVIEW(1.0),17/03/23 11:00:00,A,INX_A_AVG,CP00,EU28,2019,105.42,
ESTAT:PRC_HICP_AIND$DEFAULTVIEW(1.0),17/03/23 11:00:00,A,INX_A_AVG,CP00,FI,2013,98.96,
ESTAT:PRC_HICP_AIND$DEFAULTVIEW(1.0),17/03/23 11:00:00,A,INX_A_AVG,CP00,FI,2014,100.16,
ESTAT:PRC_HICP_AIND$DEFAULTVIEW(1.0),17/03/23 11:00:00,A,INX_A_AVG,CP00,FI,2015,100.00,
ESTAT:PRC_HICP_AIND$DEFAULTVIEW(1.0),17/03/23 11:00:00,A,INX_A_AVG,CP00,FI,2016,100.39,
ESTAT:PRC_HICP_AIND$DEFAULTVIEW(1.0),17/03/23 11:00:00,A,INX_A_AVG,CP00,FI,2017,101.23,
ESTAT:PRC_HICP_AIND$DEFAULTVIEW(1.0),17/03/23 11:00:00,A,INX_A_AVG,CP00,FI,2018,102.42,
ESTAT:PRC_HICP_AIND$DEFAULTVIEW(1.0),17/03/23 11:00:00,A,INX_A_AVG,CP00,FI,2019,103.58,
ESTAT:PRC_HICP_AIND$DEFAULTVIEW(1.0),17/03/23 11:00:00,A,INX_A_AVG,CP00,FI,2020,103.98,
ESTAT:PRC_HICP_AIND$DEFAULTVIEW(1.0),17/03/23 11:00:00,A,INX_A_AVG,CP00,FI,2021,106.12,
ESTAT:PRC_HICP_AIND$DEFAULTVIEW(1.0),17/03/23 11:00:00,A,INX_A_AVG,CP00,FI,2022,113.74,
ESTAT:PRC_HICP_AIND$DEFAULTVIEW(1.0),17/03/23 11:00:00,A,INX_A_AVG,CP00,FR,2013,99.31,
ESTAT:PRC_HICP_AIND$DEFAULTVIEW(1.0),17/03/23 11:00:00,A,INX_A_AVG,CP00,FR,2014,99.91,
ESTAT:PRC_HICP_AIND$DEFAULTVIEW(1.0),17/03/23 11:00:00,A,INX_A_AVG,CP00,FR,2015,100.00,
ESTAT:PRC_HICP_AIND$DEFAULTVIEW(1.0),17/03/23 11:00:00,A,INX_A_AVG,CP00,FR,2016,100.31,
ESTAT:PRC_HICP_AIND$DEFAULTVIEW(1.0),17/03/23 11:00:00,A,INX_A_AVG,CP00,FR,2017,101.47,
ESTAT:PRC_HICP_AIND$DEFAULTVIEW(1.0),17/03/23 11:00:00,A,INX_A_AVG,CP00,FR,2018,103.60,
ESTAT:PRC_HICP_AIND$DEFAULTVIEW(1.0),17/03/23 11:00:00,A,INX_A_AVG,CP00,FR,2019,104.95,
ESTAT:PRC_HICP_AIND$DEFAULTVIEW(1.0),17/03/23 11:00:00,A,INX_A_AVG,CP00,FR,2020,105.50,
ESTAT:PRC_HICP_AIND$DEFAULTVIEW(1.0),17/03/23 11:00:00,A,INX_A_AVG,CP00,FR,2021,107.68,
ESTAT:PRC_HICP_AIND$DEFAULTVIEW(1.0),17/03/23 11:00:00,A,INX_A_AVG,CP00,FR,2022,114.04,
ESTAT:PRC_HICP_AIND$DEFAULTVIEW(1.0),17/03/23 11:00:00,A,INX_A_AVG,CP00,HR,2013,100.04,
ESTAT:PRC_HICP_AIND$DEFAULTVIEW(1.0),17/03/23 11:00:00,A,INX_A_AVG,CP00,HR,2014,100.26,
ESTAT:PRC_HICP_AIND$DEFAULTVIEW(1.0),17/03/23 11:00:00,A,INX_A_AVG,CP00,HR,2015,100.00,
ESTAT:PRC_HICP_AIND$DEFAULTVIEW(1.0),17/03/23 11:00:00,A,INX_A_AVG,CP00,HR,2016,99.37,
ESTAT:PRC_HICP_AIND$DEFAULTVIEW(1.0),17/03/23 11:00:00,A,INX_A_AVG,CP00,HR,2017,100.67,
ESTAT:PRC_HICP_AIND$DEFAULTVIEW(1.0),17/03/23 11:00:00,A,INX_A_AVG,CP00,HR,2018,102.23,
ESTAT:PRC_HICP_AIND$DEFAULTVIEW(1.0),17/03/23 11:00:00,A,INX_A_AVG,CP00,HR,2019,103.04,
ESTAT:PRC_HICP_AIND$DEFAULTVIEW(1.0),17/03/23 11:00:00,A,INX_A_AVG,CP00,HR,2020,103.06,
ESTAT:PRC_HICP_AIND$DEFAULTVIEW(1.0),17/03/23 11:00:00,A,INX_A_AVG,CP00,HR,2021,105.82,
ESTAT:PRC_HICP_AIND$DEFAULTVIEW(1.0),17/03/23 11:00:00,A,INX_A_AVG,CP00,HR,2022,117.11,
ESTAT:PRC_HICP_AIND$DEFAULTVIEW(1.0),17/03/23 11:00:00,A,INX_A_AVG,CP00,HU,2013,99.92,
ESTAT:PRC_HICP_AIND$DEFAULTVIEW(1.0),17/03/23 11:00:00,A,INX_A_AVG,CP00,HU,2014,99.94,
ESTAT:PRC_HICP_AIND$DEFAULTVIEW(1.0),17/03/23 11:00:00,A,INX_A_AVG,CP00,HU,2015,100.00,
ESTAT:PRC_HICP_AIND$DEFAULTVIEW(1.0),17/03/23 11:00:00,A,INX_A_AVG,CP00,HU,2016,100.45,
ESTAT:PRC_HICP_AIND$DEFAULTVIEW(1.0),17/03/23 11:00:00,A,INX_A_AVG,CP00,HU,2017,102.84,
ESTAT:PRC_HICP_AIND$DEFAULTVIEW(1.0),17/03/23 11:00:00,A,INX_A_AVG,CP00,HU,2018,105.84,
ESTAT:PRC_HICP_AIND$DEFAULTVIEW(1.0),17/03/23 11:00:00,A,INX_A_AVG,CP00,HU,2019,109.46,
ESTAT:PRC_HICP_AIND$DEFAULTVIEW(1.0),17/03/23 11:00:00,A,INX_A_AVG,CP00,HU,2020,113.15,
ESTAT:PRC_HICP_AIND$DEFAULTVIEW(1.0),17/03/23 11:00:00,A,INX_A_AVG,CP00,HU,2021,119.04,
ESTAT:PRC_HICP_AIND$DEFAULTVIEW(1.0),17/03/23 11:00:00,A,INX_A_AVG,CP00,HU,2022,137.22,
ESTAT:PRC_HICP_AIND$DEFAULTVIEW(1.0),17/03/23 11:00:00,A,INX_A_AVG,CP00,IE,2013,99.7,
ESTAT:PRC_HICP_AIND$DEFAULTVIEW(1.0),17/03/23 11:00:00,A,INX_A_AVG,CP00,IE,2014,100.0,
ESTAT:PRC_HICP_AIND$DEFAULTVIEW(1.0),17/03/23 11:00:00,A,INX_A_AVG,CP00,IE,2015,100.0,
ESTAT:PRC_HICP_AIND$DEFAULTVIEW(1.0),17/03/23 11:00:00,A,INX_A_AVG,CP00,IE,2016,99.8,
ESTAT:PRC_HICP_AIND$DEFAULTVIEW(1.0),17/03/23 11:00:00,A,INX_A_AVG,CP00,IE,2017,100.1,
ESTAT:PRC_HICP_AIND$DEFAULTVIEW(1.0),17/03/23 11:00:00,A,INX_A_AVG,CP00,IE,2018,100.8,
ESTAT:PRC_HICP_AIND$DEFAULTVIEW(1.0),17/03/23 11:00:00,A,INX_A_AVG,CP00,IE,2019,101.7,
ESTAT:PRC_HICP_AIND$DEFAULTVIEW(1.0),17/03/23 11:00:00,A,INX_A_AVG,CP00,IE,2020,101.2,
ESTAT:PRC_HICP_AIND$DEFAULTVIEW(1.0),17/03/23 11:00:00,A,INX_A_AVG,CP00,IE,2021,103.6,
ESTAT:PRC_HICP_AIND$DEFAULTVIEW(1.0),17/03/23 11:00:00,A,INX_A_AVG,CP00,IE,2022,112.0,
ESTAT:PRC_HICP_AIND$DEFAULTVIEW(1.0),17/03/23 11:00:00,A,INX_A_AVG,CP00,IS,2013,98.76,
ESTAT:PRC_HICP_AIND$DEFAULTVIEW(1.0),17/03/23 11:00:00,A,INX_A_AVG,CP00,IS,2014,99.74,
ESTAT:PRC_HICP_AIND$DEFAULTVIEW(1.0),17/03/23 11:00:00,A,INX_A_AVG,CP00,IS,2015,100.00,
ESTAT:PRC_HICP_AIND$DEFAULTVIEW(1.0),17/03/23 11:00:00,A,INX_A_AVG,CP00,IS,2016,100.79,
ESTAT:PRC_HICP_AIND$DEFAULTVIEW(1.0),17/03/23 11:00:00,A,INX_A_AVG,CP00,IS,2017,99.13,
ESTAT:PRC_HICP_AIND$DEFAULTVIEW(1.0),17/03/23 11:00:00,A,INX_A_AVG,CP00,IS,2018,99.86,
ESTAT:PRC_HICP_AIND$DEFAULTVIEW(1.0),17/03/23 11:00:00,A,INX_A_AVG,CP00,IS,2019,101.85,
ESTAT:PRC_HICP_AIND$DEFAULTVIEW(1.0),17/03/23 11:00:00,A,INX_A_AVG,CP00,IS,2020,103.06,
ESTAT:PRC_HICP_AIND$DEFAULTVIEW(1.0),17/03/23 11:00:00,A,INX_A_AVG,CP00,IS,2021,106.84,
ESTAT:PRC_HICP_AIND$DEFAULTVIEW(1.0),17/03/23 11:00:00,A,INX_A_AVG,CP00,IS,2022,112.96,
ESTAT:PRC_HICP_AIND$DEFAULTVIEW(1.0),17/03/23 11:00:00,A,INX_A_AVG,CP00,IT,2013,99.7,
ESTAT:PRC_HICP_AIND$DEFAULTVIEW(1.0),17/03/23 11:00:00,A,INX_A_AVG,CP00,IT,2014,99.9,
ESTAT:PRC_HICP_AIND$DEFAULTVIEW(1.0),17/03/23 11:00:00,A,INX_A_AVG,CP00,IT,2015,100.0,
ESTAT:PRC_HICP_AIND$DEFAULTVIEW(1.0),17/03/23 11:00:00,A,INX_A_AVG,CP00,IT,2016,99.9,
ESTAT:PRC_HICP_AIND$DEFAULTVIEW(1.0),17/03/23 11:00:00,A,INX_A_AVG,CP00,IT,2017,101.3,
ESTAT:PRC_HICP_AIND$DEFAULTVIEW(1.0),17/03/23 11:00:00,A,INX_A_AVG,CP00,IT,2018,102.5,
ESTAT:PRC_HICP_AIND$DEFAULTVIEW(1.0),17/03/23 11:00:00,A,INX_A_AVG,CP00,IT,2019,103.2,
ESTAT:PRC_HICP_AIND$DEFAULTVIEW(1.0),17/03/23 11:00:00,A,INX_A_AVG,CP00,IT,2020,103.0,
ESTAT:PRC_HICP_AIND$DEFAULTVIEW(1.0),17/03/23 11:00:00,A,INX_A_AVG,CP00,IT,2021,105.0,
ESTAT:PRC_HICP_AIND$DEFAULTVIEW(1.0),17/03/23 11:00:00,A,INX_A_AVG,CP00,IT,2022,114.2,
ESTAT:PRC_HICP_AIND$DEFAULTVIEW(1.0),17/03/23 11:00:00,A,INX_A_AVG,CP00,LT,2013,100.44,
ESTAT:PRC_HICP_AIND$DEFAULTVIEW(1.0),17/03/23 11:00:00,A,INX_A_AVG,CP00,LT,2014,100.68,
ESTAT:PRC_HICP_AIND$DEFAULTVIEW(1.0),17/03/23 11:00:00,A,INX_A_AVG,CP00,LT,2015,100.00,
ESTAT:PRC_HICP_AIND$DEFAULTVIEW(1.0),17/03/23 11:00:00,A,INX_A_AVG,CP00,LT,2016,100.68,
ESTAT:PRC_HICP_AIND$DEFAULTVIEW(1.0),17/03/23 11:00:00,A,INX_A_AVG,CP00,LT,2017,104.42,
ESTAT:PRC_HICP_AIND$DEFAULTVIEW(1.0),17/03/23 11:00:00,A,INX_A_AVG,CP00,LT,2018,107.07,
ESTAT:PRC_HICP_AIND$DEFAULTVIEW(1.0),17/03/23 11:00:00,A,INX_A_AVG,CP00,LT,2019,109.47,
ESTAT:PRC_HICP_AIND$DEFAULTVIEW(1.0),17/03/23 11:00:00,A,INX_A_AVG,CP00,LT,2020,110.63,
ESTAT:PRC_HICP_AIND$DEFAULTVIEW(1.0),17/03/23 11:00:00,A,INX_A_AVG,CP00,LT,2021,115.75,
ESTAT:PRC_HICP_AIND$DEFAULTVIEW(1.0),17/03/23 11:00:00,A,INX_A_AVG,CP00,LT,2022,137.57,
ESTAT:PRC_HICP_AIND$DEFAULTVIEW(1.0),17/03/23 11:00:00,A,INX_A_AVG,CP00,LU,2013,99.25,
ESTAT:PRC_HICP_AIND$DEFAULTVIEW(1.0),17/03/23 11:00:00,A,INX_A_AVG,CP00,LU,2014,99.94,
ESTAT:PRC_HICP_AIND$DEFAULTVIEW(1.0),17/03/23 11:00:00,A,INX_A_AVG,CP00,LU,2015,100.00,
ESTAT:PRC_HICP_AIND$DEFAULTVIEW(1.0),17/03/23 11:00:00,A,INX_A_AVG,CP00,LU,2016,100.04,
ESTAT:PRC_HICP_AIND$DEFAULTVIEW(1.0),17/03/23 11:00:00,A,INX_A_AVG,CP00,LU,2017,102.15,
ESTAT:PRC_HICP_AIND$DEFAULTVIEW(1.0),17/03/23 11:00:00,A,INX_A_AVG,CP00,LU,2018,104.21,
ESTAT:PRC_HICP_AIND$DEFAULTVIEW(1.0),17/03/23 11:00:00,A,INX_A_AVG,CP00,LU,2019,105.93,
ESTAT:PRC_HICP_AIND$DEFAULTVIEW(1.0),17/03/23 11:00:00,A,INX_A_AVG,CP00,LU,2020,105.93,
ESTAT:PRC_HICP_AIND$DEFAULTVIEW(1.0),17/03/23 11:00:00,A,INX_A_AVG,CP00,LU,2021,109.61,
ESTAT:PRC_HICP_AIND$DEFAULTVIEW(1.0),17/03/23 11:00:00,A,INX_A_AVG,CP00,LU,2022,118.55,
ESTAT:PRC_HICP_AIND$DEFAULTVIEW(1.0),17/03/23 11:00:00,A,INX_A_AVG,CP00,LV,2013,99.11,
ESTAT:PRC_HICP_AIND$DEFAULTVIEW(1.0),17/03/23 11:00:00,A,INX_A_AVG,CP00,LV,2014,99.79,
ESTAT:PRC_HICP_AIND$DEFAULTVIEW(1.0),17/03/23 11:00:00,A,INX_A_AVG,CP00,LV,2015,100.00,
ESTAT:PRC_HICP_AIND$DEFAULTVIEW(1.0),17/03/23 11:00:00,A,INX_A_AVG,CP00,LV,2016,100.10,
ESTAT:PRC_HICP_AIND$DEFAULTVIEW(1.0),17/03/23 11:00:00,A,INX_A_AVG,CP00,LV,2017,103.00,
ESTAT:PRC_HICP_AIND$DEFAULTVIEW(1.0),17/03/23 11:00:00,A,INX_A_AVG,CP00,LV,2018,105.63,
ESTAT:PRC_HICP_AIND$DEFAULTVIEW(1.0),17/03/23 11:00:00,A,INX_A_AVG,CP00,LV,2019,108.53,
ESTAT:PRC_HICP_AIND$DEFAULTVIEW(1.0),17/03/23 11:00:00,A,INX_A_AVG,CP00,LV,2020,108.62,
ESTAT:PRC_HICP_AIND$DEFAULTVIEW(1.0),17/03/23 11:00:00,A,INX_A_AVG,CP00,LV,2021,112.14,
ESTAT:PRC_HICP_AIND$DEFAULTVIEW(1.0),17/03/23 11:00:00,A,INX_A_AVG,CP00,LV,2022,131.47,
ESTAT:PRC_HICP_AIND$DEFAULTVIEW(1.0),17/03/23 11:00:00,A,INX_A_AVG,CP00,ME,2015,100.00,d
ESTAT:PRC_HICP_AIND$DEFAULTVIEW(1.0),17/03/23 11:00:00,A,INX_A_AVG,CP00,ME,2016,99.93,d
ESTAT:PRC_HICP_AIND$DEFAULTVIEW(1.0),17/03/23 11:00:00,A,INX_A_AVG,CP00,ME,2017,102.68,d
ESTAT:PRC_HICP_AIND$DEFAULTVIEW(1.0),17/03/23 11:00:00,A,INX_A_AVG,CP00,ME,2018,105.39,d
ESTAT:PRC_HICP_AIND$DEFAULTVIEW(1.0),17/03/23 11:00:00,A,INX_A_AVG,CP00,ME,2019,105.94,d
ESTAT:PRC_HICP_AIND$DEFAULTVIEW(1.0),17/03/23 11:00:00,A,INX_A_AVG,CP00,ME,2020,105.39,d
ESTAT:PRC_HICP_AIND$DEFAULTVIEW(1.0),17/03/23 11:00:00,A,INX_A_AVG,CP00,ME,2021,108.03,d
ESTAT:PRC_HICP_AIND$DEFAULTVIEW(1.0),17/03/23 11:00:00,A,INX_A_AVG,CP00,ME,2022,120.92,d
ESTAT:PRC_HICP_AIND$DEFAULTVIEW(1.0),17/03/23 11:00:00,A,INX_A_AVG,CP00,MK,2013,99.91,d
ESTAT:PRC_HICP_AIND$DEFAULTVIEW(1.0),17/03/23 11:00:00,A,INX_A_AVG,CP00,MK,2014,99.87,d
ESTAT:PRC_HICP_AIND$DEFAULTVIEW(1.0),17/03/23 11:00:00,A,INX_A_AVG,CP00,MK,2015,100.00,d
ESTAT:PRC_HICP_AIND$DEFAULTVIEW(1.0),17/03/23 11:00:00,A,INX_A_AVG,CP00,MK,2016,100.24,d
ESTAT:PRC_HICP_AIND$DEFAULTVIEW(1.0),17/03/23 11:00:00,A,INX_A_AVG,CP00,MK,2017,102.35,d
ESTAT:PRC_HICP_AIND$DEFAULTVIEW(1.0),17/03/23 11:00:00,A,INX_A_AVG,CP00,MK,2018,104.66,d
ESTAT:PRC_HICP_AIND$DEFAULTVIEW(1.0),17/03/23 11:00:00,A,INX_A_AVG,CP00,MK,2019,105.42,d
ESTAT:PRC_HICP_AIND$DEFAULTVIEW(1.0),17/03/23 11:00:00,A,INX_A_AVG,CP00,MK,2020,106.73,d
ESTAT:PRC_HICP_AIND$DEFAULTVIEW(1.0),17/03/23 11:00:00,A,INX_A_AVG,CP00,MK,2021,110.36,d
ESTAT:PRC_HICP_AIND$DEFAULTVIEW(1.0),17/03/23 11:00:00,A,INX_A_AVG,CP00,MK,2022,125.83,d
ESTAT:PRC_HICP_AIND$DEFAULTVIEW(1.0),17/03/23 11:00:00,A,INX_A_AVG,CP00,MT,2013,98.08,
ESTAT:PRC_HICP_AIND$DEFAULTVIEW(1.0),17/03/23 11:00:00,A,INX_A_AVG,CP00,MT,2014,98.84,
ESTAT:PRC_HICP_AIND$DEFAULTVIEW(1.0),17/03/23 11:00:00,A,INX_A_AVG,CP00,MT,2015,100.00,
ESTAT:PRC_HICP_AIND$DEFAULTVIEW(1.0),17/03/23 11:00:00,A,INX_A_AVG,CP00,MT,2016,100.90,
ESTAT:PRC_HICP_AIND$DEFAULTVIEW(1.0),17/03/23 11:00:00,A,INX_A_AVG,CP00,MT,2017,102.18,
ESTAT:PRC_HICP_AIND$DEFAULTVIEW(1.0),17/03/23 11:00:00,A,INX_A_AVG,CP00,MT,2018,103.95,
ESTAT:PRC_HICP_AIND$DEFAULTVIEW(1.0),17/03/23 11:00:00,A,INX_A_AVG,CP00,MT,2019,105.54,
ESTAT:PRC_HICP_AIND$DEFAULTVIEW(1.0),17/03/23 11:00:00,A,INX_A_AVG,CP00,MT,2020,106.37,
ESTAT:PRC_HICP_AIND$DEFAULTVIEW(1.0),17/03/23 11:00:00,A,INX_A_AVG,CP00,MT,2021,107.12,
ESTAT:PRC_HICP_AIND$DEFAULTVIEW(1.0),17/03/23 11:00:00,A,INX_A_AVG,CP00,MT,2022,113.69,
ESTAT:PRC_HICP_AIND$DEFAULTVIEW(1.0),17/03/23 11:00:00,A,INX_A_AVG,CP00,NL,2013,99.47,
ESTAT:PRC_HICP_AIND$DEFAULTVIEW(1.0),17/03/23 11:00:00,A,INX_A_AVG,CP00,NL,2014,99.79,
ESTAT:PRC_HICP_AIND$DEFAULTVIEW(1.0),17/03/23 11:00:00,A,INX_A_AVG,CP00,NL,2015,100.00,
ESTAT:PRC_HICP_AIND$DEFAULTVIEW(1.0),17/03/23 11:00:00,A,INX_A_AVG,CP00,NL,2016,100.11,
ESTAT:PRC_HICP_AIND$DEFAULTVIEW(1.0),17/03/23 11:00:00,A,INX_A_AVG,CP00,NL,2017,101.40,
ESTAT:PRC_HICP_AIND$DEFAULTVIEW(1.0),17/03/23 11:00:00,A,INX_A_AVG,CP00,NL,2018,103.02,
ESTAT:PRC_HICP_AIND$DEFAULTVIEW(1.0),17/03/23 11:00:00,A,INX_A_AVG,CP00,NL,2019,105.78,
ESTAT:PRC_HICP_AIND$DEFAULTVIEW(1.0),17/03/23 11:00:00,A,INX_A_AVG,CP00,NL,2020,106.96,
ESTAT:PRC_HICP_AIND$DEFAULTVIEW(1.0),17/03/23 11:00:00,A,INX_A_AVG,CP00,NL,2021,109.98,
ESTAT:PRC_HICP_AIND$DEFAULTVIEW(1.0),17/03/23 11:00:00,A,INX_A_AVG,CP00,NL,2022,122.78,
ESTAT:PRC_HICP_AIND$DEFAULTVIEW(1.0),17/03/23 11:00:00,A,INX_A_AVG,CP00,NO,2013,96.2,
ESTAT:PRC_HICP_AIND$DEFAULTVIEW(1.0),17/03/23 11:00:00,A,INX_A_AVG,CP00,NO,2014,98.0,
ESTAT:PRC_HICP_AIND$DEFAULTVIEW(1.0),17/03/23 11:00:00,A,INX_A_AVG,CP00,NO,2015,100.0,
ESTAT:PRC_HICP_AIND$DEFAULTVIEW(1.0),17/03/23 11:00:00,A,INX_A_AVG,CP00,NO,2016,103.9,
ESTAT:PRC_HICP_AIND$DEFAULTVIEW(1.0),17/03/23 11:00:00,A,INX_A_AVG,CP00,NO,2017,105.8,
ESTAT:PRC_HICP_AIND$DEFAULTVIEW(1.0),17/03/23 11:00:00,A,INX_A_AVG,CP00,NO,2018,109.0,
ESTAT:PRC_HICP_AIND$DEFAULTVIEW(1.0),17/03/23 11:00:00,A,INX_A_AVG,CP00,NO,2019,111.5,
ESTAT:PRC_HICP_AIND$DEFAULTVIEW(1.0),17/03/23 11:00:00,A,INX_A_AVG,CP00,NO,2020,112.8,
ESTAT:PRC_HICP_AIND$DEFAULTVIEW(1.0),17/03/23 11:00:00,A,INX_A_AVG,CP00,NO,2021,117.2,
ESTAT:PRC_HICP_AIND$DEFAULTVIEW(1.0),17/03/23 11:00:00,A,INX_A_AVG,CP00,NO,2022,124.5,
ESTAT:PRC_HICP_AIND$DEFAULTVIEW(1.0),17/03/23 11:00:00,A,INX_A_AVG,CP00,PL,2013,100.6,
ESTAT:PRC_HICP_AIND$DEFAULTVIEW(1.0),17/03/23 11:00:00,A,INX_A_AVG,CP00,PL,2014,100.7,
ESTAT:PRC_HICP_AIND$DEFAULTVIEW(1.0),17/03/23 11:00:00,A,INX_A_AVG,CP00,PL,2015,100.0,
ESTAT:PRC_HICP_AIND$DEFAULTVIEW(1.0),17/03/23 11:00:00,A,INX_A_AVG,CP00,PL,2016,99.8,
ESTAT:PRC_HICP_AIND$DEFAULTVIEW(1.0),17/03/23 11:00:00,A,INX_A_AVG,CP00,PL,2017,101.4,
ESTAT:PRC_HICP_AIND$DEFAULTVIEW(1.0),17/03/23 11:00:00,A,INX_A_AVG,CP00,PL,2018,102.6,
ESTAT:PRC_HICP_AIND$DEFAULTVIEW(1.0),17/03/23 11:00:00,A,INX_A_AVG,CP00,PL,2019,104.8,
ESTAT:PRC_HICP_AIND$DEFAULTVIEW(1.0),17/03/23 11:00:00,A,INX_A_AVG,CP00,PL,2020,108.6,
ESTAT:PRC_HICP_AIND$DEFAULTVIEW(1.0),17/03/23 11:00:00,A,INX_A_AVG,CP00,PL,2021,114.3,
ESTAT:PRC_HICP_AIND$DEFAULTVIEW(1.0),17/03/23 11:00:00,A,INX_A_AVG,CP00,PL,2022,129.4,
ESTAT:PRC_HICP_AIND$DEFAULTVIEW(1.0),17/03/23 11:00:00,A,INX_A_AVG,CP00,PT,2013,99.65,
ESTAT:PRC_HICP_AIND$DEFAULTVIEW(1.0),17/03/23 11:00:00,A,INX_A_AVG,CP00,PT,2014,99.50,
ESTAT:PRC_HICP_AIND$DEFAULTVIEW(1.0),17/03/23 11:00:00,A,INX_A_AVG,CP00,PT,2015,100.00,
ESTAT:PRC_HICP_AIND$DEFAULTVIEW(1.0),17/03/23 11:00:00,A,INX_A_AVG,CP00,PT,2016,100.64,
ESTAT:PRC_HICP_AIND$DEFAULTVIEW(1.0),17/03/23 11:00:00,A,INX_A_AVG,CP00,PT,2017,102.20,
ESTAT:PRC_HICP_AIND$DEFAULTVIEW(1.0),17/03/23 11:00:00,A,INX_A_AVG,CP00,PT,2018,103.40,
ESTAT:PRC_HICP_AIND$DEFAULTVIEW(1.0),17/03/23 11:00:00,A,INX_A_AVG,CP00,PT,2019,103.71,
ESTAT:PRC_HICP_AIND$DEFAULTVIEW(1.0),17/03/23 11:00:00,A,INX_A_AVG,CP00,PT,2020,103.58,
ESTAT:PRC_HICP_AIND$DEFAULTVIEW(1.0),17/03/23 11:00:00,A,INX_A_AVG,CP00,PT,2021,104.55,
ESTAT:PRC_HICP_AIND$DEFAULTVIEW(1.0),17/03/23 11:00:00,A,INX_A_AVG,CP00,PT,2022,113.03,
ESTAT:PRC_HICP_AIND$DEFAULTVIEW(1.0),17/03/23 11:00:00,A,INX_A_AVG,CP00,RO,2013,99.04,
ESTAT:PRC_HICP_AIND$DEFAULTVIEW(1.0),17/03/23 11:00:00,A,INX_A_AVG,CP00,RO,2014,100.41,
ESTAT:PRC_HICP_AIND$DEFAULTVIEW(1.0),17/03/23 11:00:00,A,INX_A_AVG,CP00,RO,2015,100.00,
ESTAT:PRC_HICP_AIND$DEFAULTVIEW(1.0),17/03/23 11:00:00,A,INX_A_AVG,CP00,RO,2016,98.93,
ESTAT:PRC_HICP_AIND$DEFAULTVIEW(1.0),17/03/23 11:00:00,A,INX_A_AVG,CP00,RO,2017,100.00,
ESTAT:PRC_HICP_AIND$DEFAULTVIEW(1.0),17/03/23 11:00:00,A,INX_A_AVG,CP00,RO,2018,104.08,
ESTAT:PRC_HICP_AIND$DEFAULTVIEW(1.0),17/03/23 11:00:00,A,INX_A_AVG,CP00,RO,2019,108.15,
ESTAT:PRC_HICP_AIND$DEFAULTVIEW(1.0),17/03/23 11:00:00,A,INX_A_AVG,CP00,RO,2020,110.67,
ESTAT:PRC_HICP_AIND$DEFAULTVIEW(1.0),17/03/23 11:00:00,A,INX_A_AVG,CP00,RO,2021,115.21,
ESTAT:PRC_HICP_AIND$DEFAULTVIEW(1.0),17/03/23 11:00:00,A,INX_A_AVG,CP00,RO,2022,129.06,
ESTAT:PRC_HICP_AIND$DEFAULTVIEW(1.0),17/03/23 11:00:00,A,INX_A_AVG,CP00,RS,2013,96.3,d
ESTAT:PRC_HICP_AIND$DEFAULTVIEW(1.0),17/03/23 11:00:00,A,INX_A_AVG,CP00,RS,2014,98.5,d
ESTAT:PRC_HICP_AIND$DEFAULTVIEW(1.0),17/03/23 11:00:00,A,INX_A_AVG,CP00,RS,2015,100.0,d
ESTAT:PRC_HICP_AIND$DEFAULTVIEW(1.0),17/03/23 11:00:00,A,INX_A_AVG,CP00,RS,2016,101.3,d
ESTAT:PRC_HICP_AIND$DEFAULTVIEW(1.0),17/03/23 11:00:00,A,INX_A_AVG,CP00,RS,2017,104.7,d
ESTAT:PRC_HICP_AIND$DEFAULTVIEW(1.0),17/03/23 11:00:00,A,INX_A_AVG,CP00,RS,2018,106.8,d
ESTAT:PRC_HICP_AIND$DEFAULTVIEW(1.0),17/03/23 11:00:00,A,INX_A_AVG,CP00,RS,2019,108.8,d
ESTAT:PRC_HICP_AIND$DEFAULTVIEW(1.0),17/03/23 11:00:00,A,INX_A_AVG,CP00,RS,2020,110.7,d
ESTAT:PRC_HICP_AIND$DEFAULTVIEW(1.0),17/03/23 11:00:00,A,INX_A_AVG,CP00,RS,2021,115.2,d
ESTAT:PRC_HICP_AIND$DEFAULTVIEW(1.0),17/03/23 11:00:00,A,INX_A_AVG,CP00,RS,2022,128.7,d
ESTAT:PRC_HICP_AIND$DEFAULTVIEW(1.0),17/03/23 11:00:00,A,INX_A_AVG,CP00,SE,2013,99.10,
ESTAT:PRC_HICP_AIND$DEFAULTVIEW(1.0),17/03/23 11:00:00,A,INX_A_AVG,CP00,SE,2014,99.30,
ESTAT:PRC_HICP_AIND$DEFAULTVIEW(1.0),17/03/23 11:00:00,A,INX_A_AVG,CP00,SE,2015,100.00,
ESTAT:PRC_HICP_AIND$DEFAULTVIEW(1.0),17/03/23 11:00:00,A,INX_A_AVG,CP00,SE,2016,101.14,
ESTAT:PRC_HICP_AIND$DEFAULTVIEW(1.0),17/03/23 11:00:00,A,INX_A_AVG,CP00,SE,2017,103.02,
ESTAT:PRC_HICP_AIND$DEFAULTVIEW(1.0),17/03/23 11:00:00,A,INX_A_AVG,CP00,SE,2018,105.12,
ESTAT:PRC_HICP_AIND$DEFAULTVIEW(1.0),17/03/23 11:00:00,A,INX_A_AVG,CP00,SE,2019,106.93,
ESTAT:PRC_HICP_AIND$DEFAULTVIEW(1.0),17/03/23 11:00:00,A,INX_A_AVG,CP00,SE,2020,107.63,
ESTAT:PRC_HICP_AIND$DEFAULTVIEW(1.0),17/03/23 11:00:00,A,INX_A_AVG,CP00,SE,2021,110.49,
ESTAT:PRC_HICP_AIND$DEFAULTVIEW(1.0),17/03/23 11:00:00,A,INX_A_AVG,CP00,SE,2022,119.39,
ESTAT:PRC_HICP_AIND$DEFAULTVIEW(1.0),17/03/23 11:00:00,A,INX_A_AVG,CP00,SI,2013,100.40,
ESTAT:PRC_HICP_AIND$DEFAULTVIEW(1.0),17/03/23 11:00:00,A,INX_A_AVG,CP00,SI,2014,100.77,
ESTAT:PRC_HICP_AIND$DEFAULTVIEW(1.0),17/03/23 11:00:00,A,INX_A_AVG,CP00,SI,2015,100.00,
ESTAT:PRC_HICP_AIND$DEFAULTVIEW(1.0),17/03/23 11:00:00,A,INX_A_AVG,CP00,SI,2016,99.85,
ESTAT:PRC_HICP_AIND$DEFAULTVIEW(1.0),17/03/23 11:00:00,A,INX_A_AVG,CP00,SI,2017,101.40,
ESTAT:PRC_HICP_AIND$DEFAULTVIEW(1.0),17/03/23 11:00:00,A,INX_A_AVG,CP00,SI,2018,103.36,
ESTAT:PRC_HICP_AIND$DEFAULTVIEW(1.0),17/03/23 11:00:00,A,INX_A_AVG,CP00,SI,2019,105.11,
ESTAT:PRC_HICP_AIND$DEFAULTVIEW(1.0),17/03/23 11:00:00,A,INX_A_AVG,CP00,SI,2020,104.82,
ESTAT:PRC_HICP_AIND$DEFAULTVIEW(1.0),17/03/23 11:00:00,A,INX_A_AVG,CP00,SI,2021,106.97,
ESTAT:PRC_HICP_AIND$DEFAULTVIEW(1.0),17/03/23 11:00:00,A,INX_A_AVG,CP00,SI,2022,116.94,
ESTAT:PRC_HICP_AIND$DEFAULTVIEW(1.0),17/03/23 11:00:00,A,INX_A_AVG,CP00,SK,2013,100.45,
ESTAT:PRC_HICP_AIND$DEFAULTVIEW(1.0),17/03/23 11:00:00,A,INX_A_AVG,CP00,SK,2014,100.35,
ESTAT:PRC_HICP_AIND$DEFAULTVIEW(1.0),17/03/23 11:00:00,A,INX_A_AVG,CP00,SK,2015,100.00,
ESTAT:PRC_HICP_AIND$DEFAULTVIEW(1.0),17/03/23 11:00:00,A,INX_A_AVG,CP00,SK,2016,99.52,
ESTAT:PRC_HICP_AIND$DEFAULTVIEW(1.0),17/03/23 11:00:00,A,INX_A_AVG,CP00,SK,2017,100.90,
ESTAT:PRC_HICP_AIND$DEFAULTVIEW(1.0),17/03/23 11:00:00,A,INX_A_AVG,CP00,SK,2018,103.46,
ESTAT:PRC_HICP_AIND$DEFAULTVIEW(1.0),17/03/23 11:00:00,A,INX_A_AVG,CP00,SK,2019,106.33,
ESTAT:PRC_HICP_AIND$DEFAULTVIEW(1.0),17/03/23 11:00:00,A,INX_A_AVG,CP00,SK,2020,108.47,
ESTAT:PRC_HICP_AIND$DEFAULTVIEW(1.0),17/03/23 11:00:00,A,INX_A_AVG,CP00,SK,2021,111.53,
ESTAT:PRC_HICP_AIND$DEFAULTVIEW(1.0),17/03/23 11:00:00,A,INX_A_AVG,CP00,SK,2022,125.05,
ESTAT:PRC_HICP_AIND$DEFAULTVIEW(1.0),17/03/23 11:00:00,A,INX_A_AVG,CP00,TR,2013,85.22,d
ESTAT:PRC_HICP_AIND$DEFAULTVIEW(1.0),17/03/23 11:00:00,A,INX_A_AVG,CP00,TR,2014,92.81,d
ESTAT:PRC_HICP_AIND$DEFAULTVIEW(1.0),17/03/23 11:00:00,A,INX_A_AVG,CP00,TR,2015,100.00,d
ESTAT:PRC_HICP_AIND$DEFAULTVIEW(1.0),17/03/23 11:00:00,A,INX_A_AVG,CP00,TR,2016,107.66,d
ESTAT:PRC_HICP_AIND$DEFAULTVIEW(1.0),17/03/23 11:00:00,A,INX_A_AVG,CP00,TR,2017,119.63,d
ESTAT:PRC_HICP_AIND$DEFAULTVIEW(1.0),17/03/23 11:00:00,A,INX_A_AVG,CP00,TR,2018,139.17,d
ESTAT:PRC_HICP_AIND$DEFAULTVIEW(1.0),17/03/23 11:00:00,A,INX_A_AVG,CP00,TR,2019,160.30,d
ESTAT:PRC_HICP_AIND$DEFAULTVIEW(1.0),17/03/23 11:00:00,A,INX_A_AVG,CP00,TR,2020,179.98,d
ESTAT:PRC_HICP_AIND$DEFAULTVIEW(1.0),17/03/23 11:00:00,A,INX_A_AVG,CP00,TR,2021,215.24,d
ESTAT:PRC_HICP_AIND$DEFAULTVIEW(1.0),17/03/23 11:00:00,A,INX_A_AVG,CP00,TR,2022,370.82,d
ESTAT:PRC_HICP_AIND$DEFAULTVIEW(1.0),17/03/23 11:00:00,A,INX_A_AVG,CP00,UK,2013,98.5,
ESTAT:PRC_HICP_AIND$DEFAULTVIEW(1.0),17/03/23 11:00:00,A,INX_A_AVG,CP00,UK,2014,100.0,
ESTAT:PRC_HICP_AIND$DEFAULTVIEW(1.0),17/03/23 11:00:00,A,INX_A_AVG,CP00,UK,2015,100.0,
ESTAT:PRC_HICP_AIND$DEFAULTVIEW(1.0),17/03/23 11:00:00,A,INX_A_AVG,CP00,UK,2016,100.7,
ESTAT:PRC_HICP_AIND$DEFAULTVIEW(1.0),17/03/23 11:00:00,A,INX_A_AVG,CP00,UK,2017,103.4,
ESTAT:PRC_HICP_AIND$DEFAULTVIEW(1.0),17/03/23 11:00:00,A,INX_A_AVG,CP00,UK,2018,105.9,
ESTAT:PRC_HICP_AIND$DEFAULTVIEW(1.0),17/03/23 11:00:00,A,INX_A_AVG,CP00,UK,2019,107.8,
ESTAT:PRC_HICP_AIND$DEFAULTVIEW(1.0),17/03/23 11:00:00,A,INX_A_AVG,CP00,US,2013,99.46,d
ESTAT:PRC_HICP_AIND$DEFAULTVIEW(1.0),17/03/23 11:00:00,A,INX_A_AVG,CP00,US,2014,100.76,d
ESTAT:PRC_HICP_AIND$DEFAULTVIEW(1.0),17/03/23 11:00:00,A,INX_A_AVG,CP00,US,2015,100.00,d
ESTAT:PRC_HICP_AIND$DEFAULTVIEW(1.0),17/03/23 11:00:00,A,INX_A_AVG,CP00,US,2016,100.57,d
ESTAT:PRC_HICP_AIND$DEFAULTVIEW(1.0),17/03/23 11:00:00,A,INX_A_AVG,CP00,US,2017,102.34,d
ESTAT:PRC_HICP_AIND$DEFAULTVIEW(1.0),17/03/23 11:00:00,A,INX_A_AVG,CP00,US,2018,104.55,d
ESTAT:PRC_HICP_AIND$DEFAULTVIEW(1.0),17/03/23 11:00:00,A,INX_A_AVG,CP00,US,2019,105.99,d
ESTAT:PRC_HICP_AIND$DEFAULTVIEW(1.0),17/03/23 11:00:00,A,INX_A_AVG,CP00,US,2020,106.80,d
ESTAT:PRC_HICP_AIND$DEFAULTVIEW(1.0),17/03/23 11:00:00,A,INX_A_AVG,CP00,US,2021,112.50,d
ESTAT:PRC_HICP_AIND$DEFAULTVIEW(1.0),17/03/23 11:00:00,A,INX_A_AVG,CP00,US,2022,122.27,d
ESTAT:PRC_HICP_AIND$DEFAULTVIEW(1.0),17/03/23 11:00:00,A,INX_A_AVG,CP00,XK,2016,100.27,d
ESTAT:PRC_HICP_AIND$DEFAULTVIEW(1.0),17/03/23 11:00:00,A,INX_A_AVG,CP00,XK,2017,101.77,d
ESTAT:PRC_HICP_AIND$DEFAULTVIEW(1.0),17/03/23 11:00:00,A,INX_A_AVG,CP00,XK,2018,102.84,d
ESTAT:PRC_HICP_AIND$DEFAULTVIEW(1.0),17/03/23 11:00:00,A,INX_A_AVG,CP00,XK,2019,105.59,d
ESTAT:PRC_HICP_AIND$DEFAULTVIEW(1.0),17/03/23 11:00:00,A,INX_A_AVG,CP00,XK,2020,105.80,d
ESTAT:PRC_HICP_AIND$DEFAULTVIEW(1.0),17/03/23 11:00:00,A,INX_A_AVG,CP00,XK,2021,109.35,d
ESTAT:PRC_HICP_AIND$DEFAULTVIEW(1.0),17/03/23 11:00:00,A,INX_A_AVG,CP00,XK,2022,122.01,d
